{"stats":{"minecraft:custom":{"minecraft:mob_kills":152,"minecraft:interact_with_anvil":6,"minecraft:animals_bred":2,"minecraft:interact_with_crafting_table":17,"minecraft:bell_ring":177,"minecraft:leave_game":13,"minecraft:time_since_death":381840,"minecraft:climb_one_cm":162,"minecraft:sprint_one_cm":872691,"minecraft:walk_one_cm":826269,"minecraft:drop":88,"minecraft:talked_to_villager":24,"minecraft:play_time":509944,"minecraft:deaths":2,"minecraft:sneak_time":5593,"minecraft:walk_under_water_one_cm":7132,"minecraft:jump":4841,"minecraft:walk_on_water_one_cm":18126,"minecraft:enchant_item":1,"minecraft:total_world_time":509944,"minecraft:interact_with_furnace":34,"minecraft:sleep_in_bed":17,"minecraft:time_since_rest":33391,"minecraft:damage_taken":4466,"minecraft:damage_dealt":16539,"minecraft:fly_one_cm":1091687,"minecraft:swim_one_cm":22440,"minecraft:open_chest":184,"minecraft:crouch_one_cm":13230,"minecraft:interact_with_smoker":1,"minecraft:fish_caught":358,"minecraft:fall_one_cm":125107},"minecraft:picked_up":{"minecraft:fishing_rod":8,"minecraft:wheat":12,"minecraft:chicken":1,"minecraft:potion":7,"minecraft:enchanted_book":2,"minecraft:golden_sword":1,"minecraft:shield":1,"minecraft:string":91,"minecraft:iron_axe":2,"minecraft:pufferfish":44,"minecraft:gold_nugget":1,"minecraft:cobbled_deepslate":251,"minecraft:beef":161,"minecraft:poppy":2,"minecraft:iron_pickaxe":2,"minecraft:sugar_cane":11,"minecraft:egg":3,"minecraft:stick":4,"minecraft:raw_iron":432,"minecraft:torch":27,"minecraft:bowl":5,"minecraft:acacia_log":5,"minecraft:porkchop":4,"minecraft:diorite":20,"minecraft:carrot":73,"minecraft:redstone":51,"minecraft:rotten_flesh":26,"minecraft:diamond_chestplate":1,"minecraft:arrow":28,"minecraft:weeping_vines":1,"minecraft:cooked_cod":45,"minecraft:tropical_fish":9,"minecraft:saddle":6,"minecraft:glow_berries":6,"minecraft:mutton":6,"minecraft:rail":4,"minecraft:cod":230,"minecraft:white_wool":8,"minecraft:cobblestone":202,"minecraft:nautilus_shell":2,"minecraft:feather":1,"minecraft:cooked_beef":64,"minecraft:glow_ink_sac":6,"minecraft:tripwire_hook":5,"minecraft:salmon":89,"minecraft:andesite":1,"minecraft:leather":82,"minecraft:flint":1,"minecraft:crimson_fungus":1,"minecraft:tuff":20,"minecraft:oak_log":6,"minecraft:lily_pad":9,"minecraft:lapis_lazuli":32,"minecraft:dirt":236,"minecraft:name_tag":4,"minecraft:leather_boots":6,"minecraft:bone":39,"minecraft:bow":4,"minecraft:wheat_seeds":41,"minecraft:raw_gold":1,"minecraft:rabbit_hide":1,"minecraft:iron_ingot":3,"minecraft:diamond_helmet":1,"minecraft:rabbit":1,"minecraft:stone_hoe":2,"minecraft:iron_sword":2,"minecraft:oak_planks":6,"minecraft:cooked_porkchop":17,"minecraft:quartz":171,"minecraft:dandelion":1,"minecraft:gravel":9,"minecraft:sand":1,"minecraft:ink_sac":10,"minecraft:white_bed":2,"minecraft:spider_eye":6,"minecraft:diamond":137,"minecraft:granite":20,"minecraft:oak_button":1,"minecraft:acacia_slab":3,"minecraft:netherrack":257,"minecraft:coal":440,"minecraft:crimson_roots":3,"minecraft:diamond_pickaxe":1},"minecraft:broken":{"minecraft:iron_pickaxe":1,"minecraft:fishing_rod":2},"minecraft:crafted":{"minecraft:oak_planks":24,"minecraft:fishing_rod":6,"minecraft:bone_meal":18,"minecraft:flint_and_steel":1,"minecraft:iron_axe":1,"minecraft:stone_hoe":1,"minecraft:cooked_beef":11,"minecraft:diamond_sword":1,"minecraft:cooked_porkchop":4,"minecraft:crafting_table":1,"minecraft:iron_sword":1,"minecraft:bucket":1,"minecraft:air":0,"minecraft:diamond_pickaxe":1,"minecraft:stick":20,"minecraft:iron_ingot":18,"minecraft:iron_pickaxe":1,"minecraft:iron_block":3,"minecraft:iron_shovel":1,"minecraft:anvil":1,"minecraft:acacia_planks":8,"minecraft:torch":16},"minecraft:mined":{"minecraft:tuff":20,"minecraft:white_bed":5,"minecraft:deepslate_diamond_ore":94,"minecraft:cave_vines_plant":2,"minecraft:granite":34,"minecraft:acacia_log":2,"minecraft:grass_block":27,"minecraft:crimson_roots":3,"minecraft:spawner":1,"minecraft:weeping_vines_plant":1,"minecraft:redstone_ore":4,"minecraft:carrots":21,"minecraft:iron_ore":154,"minecraft:cobbled_deepslate":3,"minecraft:andesite":24,"minecraft:deepslate_lapis_ore":3,"minecraft:rail":3,"minecraft:deepslate_iron_ore":150,"minecraft:cave_vines":3,"minecraft:dirt_path":11,"minecraft:stone":253,"minecraft:orange_bed":2,"minecraft:deepslate_redstone_ore":8,"minecraft:crimson_nylium":23,"minecraft:torch":12,"minecraft:short_grass":114,"minecraft:copper_ore":3,"minecraft:nether_quartz_ore":138,"minecraft:tall_grass":13,"minecraft:cobblestone":13,"minecraft:lapis_ore":2,"minecraft:sugar_cane":2,"minecraft:diorite":20,"minecraft:wall_torch":12,"minecraft:wheat":1,"minecraft:oak_log":6,"minecraft:coal_ore":243,"minecraft:gravel":5,"minecraft:dirt":24,"minecraft:cobweb":57,"minecraft:netherrack":303,"minecraft:gold_ore":1,"minecraft:oak_leaves":1,"minecraft:deepslate":250},"minecraft:used":{"minecraft:iron_shovel":37,"minecraft:flint_and_steel":1,"minecraft:iron_sword":199,"minecraft:stone_hoe":10,"minecraft:netherrack":57,"minecraft:torch":35,"minecraft:dirt":50,"minecraft:anvil":1,"minecraft:mutton":2,"minecraft:carrot":22,"minecraft:granite":13,"minecraft:bookshelf":10,"minecraft:iron_axe":2,"minecraft:deepslate_diamond_ore":3,"minecraft:cooked_cod":16,"minecraft:egg":3,"minecraft:cooked_beef":32,"minecraft:cobbled_deepslate":40,"minecraft:wheat_seeds":10,"minecraft:cooked_mutton":11,"minecraft:water_bucket":2,"minecraft:rabbit":1,"minecraft:oak_planks":16,"minecraft:sand":1,"minecraft:crafting_table":1,"minecraft:white_bed":2,"minecraft:diamond_pickaxe":1514,"minecraft:command_block":2,"minecraft:oak_button":1,"minecraft:iron_pickaxe":252,"minecraft:diamond_ore":6,"minecraft:gravel":8,"minecraft:diamond_sword":199,"minecraft:fishing_rod":482,"minecraft:cobblestone":31,"minecraft:cooked_porkchop":9,"minecraft:bucket":2,"minecraft:bone_meal":18,"minecraft:experience_bottle":132},"minecraft:dropped":{"minecraft:enchanted_book":1,"minecraft:wheat_seeds":16,"minecraft:cooked_beef":5,"minecraft:glow_ink_sac":6,"minecraft:diamond":74,"minecraft:weeping_vines":1,"minecraft:iron_helmet":1,"minecraft:glow_berries":26,"minecraft:leather":23,"minecraft:acacia_log":1,"minecraft:rail":3,"minecraft:golden_apple":2,"minecraft:stick":1,"minecraft:dirt":150,"minecraft:diorite":8,"minecraft:crimson_roots":1,"minecraft:potion":2,"minecraft:lily_pad":5,"minecraft:fishing_rod":4,"minecraft:tripwire_hook":1,"minecraft:dandelion":1,"minecraft:cobbled_deepslate":21,"minecraft:bowl":3,"minecraft:tuff":5,"minecraft:rotten_flesh":9,"minecraft:iron_boots":1,"minecraft:cooked_mutton":1,"minecraft:carrot":46,"minecraft:rabbit_hide":1,"minecraft:diamond_pickaxe":1,"minecraft:iron_chestplate":1,"minecraft:acacia_slab":3,"minecraft:leather_boots":3,"minecraft:bow":4,"minecraft:beef":49,"minecraft:nautilus_shell":1,"minecraft:quartz":42,"minecraft:netherrack":2},"minecraft:killed":{"minecraft:cave_spider":6,"minecraft:zombified_piglin":1,"minecraft:spider":9,"minecraft:skeleton":27,"minecraft:chicken":1,"minecraft:piglin":1,"minecraft:rabbit":1,"minecraft:bat":1,"minecraft:hoglin":1,"minecraft:sheep":4,"minecraft:zombie":16,"minecraft:cow":82},"minecraft:killed_by":{"minecraft:enderman":1}},"DataVersion":3700}