{"stats":{"minecraft:mined":{"minecraft:nether_gold_ore":11,"minecraft:tuff":24,"minecraft:deepslate_diamond_ore":115,"minecraft:brewing_stand":1,"minecraft:acacia_log":35,"minecraft:grass_block":45,"minecraft:carrots":22,"minecraft:iron_ore":29,"minecraft:andesite":16,"minecraft:fletching_table":1,"minecraft:deepslate_lapis_ore":4,"minecraft:bookshelf":8,"minecraft:deepslate_iron_ore":13,"minecraft:dirt_path":30,"minecraft:stone":131,"minecraft:orange_bed":3,"minecraft:smithing_table":1,"minecraft:acacia_leaves":2,"minecraft:red_bed":1,"minecraft:blackstone":22,"minecraft:crimson_nylium":4,"minecraft:smoker":1,"minecraft:crafting_table":5,"minecraft:torch":1,"minecraft:short_grass":47,"minecraft:blast_furnace":1,"minecraft:melon":9,"minecraft:lectern":15,"minecraft:nether_quartz_ore":106,"minecraft:tall_grass":3,"minecraft:cobblestone":14,"minecraft:grindstone":1,"minecraft:sugar_cane":49,"minecraft:diorite":6,"minecraft:wheat":121,"minecraft:oak_log":440,"minecraft:coal_ore":85,"minecraft:gravel":72,"minecraft:dirt":60,"minecraft:ancient_debris":32,"minecraft:netherrack":2325,"minecraft:oak_leaves":46,"minecraft:deepslate":506},"minecraft:custom":{"minecraft:interact_with_smithing_table":1,"minecraft:mob_kills":181,"minecraft:interact_with_crafting_table":29,"minecraft:bell_ring":2,"minecraft:leave_game":6,"minecraft:time_since_death":271128,"minecraft:climb_one_cm":247,"minecraft:sprint_one_cm":917637,"minecraft:walk_one_cm":598559,"minecraft:drop":61,"minecraft:talked_to_villager":104,"minecraft:play_time":271128,"minecraft:sneak_time":6908,"minecraft:walk_under_water_one_cm":3387,"minecraft:boat_one_cm":64965,"minecraft:jump":5643,"minecraft:interact_with_blast_furnace":21,"minecraft:walk_on_water_one_cm":25000,"minecraft:enchant_item":4,"minecraft:total_world_time":271128,"minecraft:interact_with_furnace":28,"minecraft:traded_with_villager":267,"minecraft:interact_with_grindstone":6,"minecraft:sleep_in_bed":11,"minecraft:time_since_rest":71667,"minecraft:damage_taken":2459,"minecraft:damage_absorbed":41,"minecraft:damage_dealt":18695,"minecraft:swim_one_cm":25377,"minecraft:fly_one_cm":1198827,"minecraft:open_chest":192,"minecraft:crouch_one_cm":16002,"minecraft:fall_one_cm":153216,"minecraft:interact_with_smoker":20,"minecraft:fish_caught":12},"minecraft:crafted":{"minecraft:oak_planks":1500,"minecraft:stone_shovel":1,"minecraft:cooked_chicken":13,"minecraft:furnace":3,"minecraft:diamond_helmet":4,"minecraft:diamond_leggings":1,"minecraft:iron_boots":1,"minecraft:iron_axe":5,"minecraft:stone_pickaxe":1,"minecraft:chest":2,"minecraft:diamond_boots":1,"minecraft:netherite_scrap":32,"minecraft:stone_hoe":10,"minecraft:emerald":232,"minecraft:cooked_porkchop":90,"minecraft:crafting_table":3,"minecraft:iron_helmet":15,"minecraft:smithing_table":2,"minecraft:fletching_table":2,"minecraft:stone_axe":4,"minecraft:air":0,"minecraft:oak_boat":1,"minecraft:iron_chestplate":1,"minecraft:diamond_pickaxe":3,"minecraft:shield":3,"minecraft:stick":5708,"minecraft:iron_ingot":60,"minecraft:iron_pickaxe":1,"minecraft:iron_leggings":1,"minecraft:white_bed":8,"minecraft:netherite_ingot":8,"minecraft:acacia_planks":1388,"minecraft:torch":4,"minecraft:diamond_chestplate":4},"minecraft:broken":{"minecraft:iron_axe":2,"minecraft:stone_axe":2},"minecraft:used":{"minecraft:stone_shovel":125,"minecraft:chest":2,"minecraft:stone":2,"minecraft:stone_hoe":63,"minecraft:netherrack":125,"minecraft:iron_chestplate":1,"minecraft:orange_bed":4,"minecraft:dirt":58,"minecraft:nether_quartz_ore":5,"minecraft:carrot":79,"minecraft:acacia_sapling":3,"minecraft:iron_axe":595,"minecraft:iron_helmet":1,"minecraft:iron_boots":1,"minecraft:light_gray_wool":1,"minecraft:furnace":3,"minecraft:egg":8,"minecraft:acacia_planks":7,"minecraft:iron_leggings":1,"minecraft:wheat_seeds":123,"minecraft:stone_pickaxe":110,"minecraft:fletching_table":3,"minecraft:golden_apple":1,"minecraft:crafting_table":6,"minecraft:red_bed":1,"minecraft:blast_furnace":1,"minecraft:white_bed":10,"minecraft:smoker":1,"minecraft:diamond_pickaxe":3177,"minecraft:bread":5,"minecraft:iron_pickaxe":160,"minecraft:lectern":15,"minecraft:gravel":42,"minecraft:stone_axe":234,"minecraft:fishing_rod":17,"minecraft:cobblestone":100,"minecraft:cooked_porkchop":45,"minecraft:smithing_table":3,"minecraft:oak_boat":1},"minecraft:dropped":{"minecraft:wheat_seeds":1,"minecraft:oak_log":64,"minecraft:cooked_porkchop":5,"minecraft:feather":22,"minecraft:apple":1,"minecraft:rail":3,"minecraft:stick":6,"minecraft:flint":1,"minecraft:gray_wool":5,"minecraft:torch":2,"minecraft:brown_wool":1,"minecraft:diamond_helmet":3,"minecraft:iron_axe":2,"minecraft:white_wool":2,"minecraft:acacia_planks":5,"minecraft:gravel":3,"minecraft:stone_axe":3,"minecraft:cobbled_deepslate":2,"minecraft:tuff":1,"minecraft:rotten_flesh":13,"minecraft:light_gray_wool":1,"minecraft:oak_planks":64,"minecraft:shield":3,"minecraft:diamond_chestplate":3,"minecraft:spider_eye":3,"minecraft:arrow":6,"minecraft:bow":2,"minecraft:beef":2,"minecraft:stone_pickaxe":1,"minecraft:quartz":54,"minecraft:black_wool":1},"minecraft:picked_up":{"minecraft:fishing_rod":1,"minecraft:crafting_table":5,"minecraft:wheat":117,"minecraft:chicken":34,"minecraft:smithing_table":1,"minecraft:enchanted_book":1,"minecraft:brewing_stand":1,"minecraft:shield":1,"minecraft:red_bed":1,"minecraft:pufferfish":3,"minecraft:blackstone":21,"minecraft:gold_nugget":43,"minecraft:cobbled_deepslate":2,"minecraft:deepslate_diamond_ore":107,"minecraft:beef":71,"minecraft:light_gray_wool":2,"minecraft:lectern":15,"minecraft:melon_slice":47,"minecraft:sugar_cane":101,"minecraft:egg":8,"minecraft:stick":19,"minecraft:raw_iron":42,"minecraft:stone":26,"minecraft:torch":2,"minecraft:acacia_log":474,"minecraft:porkchop":96,"minecraft:diorite":6,"minecraft:carrot":79,"minecraft:orange_bed":4,"minecraft:arrow":14,"minecraft:rotten_flesh":13,"minecraft:tropical_fish":1,"minecraft:saddle":1,"minecraft:mutton":54,"minecraft:rail":3,"minecraft:cod":5,"minecraft:white_wool":27,"minecraft:cobblestone":134,"minecraft:feather":34,"minecraft:andesite":16,"minecraft:salmon":3,"minecraft:brown_wool":1,"minecraft:leather":36,"minecraft:smoker":1,"minecraft:flint":6,"minecraft:tuff":24,"minecraft:oak_log":439,"minecraft:lily_pad":1,"minecraft:ancient_debris":32,"minecraft:lapis_lazuli":31,"minecraft:dirt":153,"minecraft:bone":5,"minecraft:apple":1,"minecraft:bow":3,"minecraft:wheat_seeds":335,"minecraft:grindstone":1,"minecraft:iron_ingot":53,"minecraft:fletching_table":1,"minecraft:acacia_sapling":3,"minecraft:book":24,"minecraft:nether_quartz_ore":5,"minecraft:quartz":97,"minecraft:dandelion":1,"minecraft:gravel":54,"minecraft:blast_furnace":1,"minecraft:white_bed":2,"minecraft:spider_eye":3,"minecraft:deepslate":501,"minecraft:stone_axe":1,"minecraft:diamond":8,"minecraft:golden_apple":1,"minecraft:gray_wool":5,"minecraft:bread":43,"minecraft:crimson_nylium":2,"minecraft:oak_sapling":14,"minecraft:netherrack":875,"minecraft:black_wool":1,"minecraft:coal":114},"minecraft:killed":{"minecraft:spider":1,"minecraft:skeleton":6,"minecraft:chicken":34,"minecraft:pig":44,"minecraft:hoglin":2,"minecraft:sheep":37,"minecraft:zombie":20,"minecraft:cow":37}},"DataVersion":3700}