{"stats":{"minecraft:mined":{"minecraft:tuff":10,"minecraft:attached_melon_stem":4,"minecraft:farmland":38,"minecraft:deepslate_diamond_ore":51,"minecraft:obsidian":19,"minecraft:granite":2,"minecraft:acacia_log":94,"minecraft:grass_block":352,"minecraft:acacia_slab":9,"minecraft:sandstone":20,"minecraft:crimson_stem":7,"minecraft:hay_block":29,"minecraft:redstone_ore":3,"minecraft:furnace":6,"minecraft:carrots":86,"minecraft:iron_ore":196,"minecraft:fire":8,"minecraft:acacia_wood":50,"minecraft:acacia_stairs":86,"minecraft:andesite":11,"minecraft:deepslate_lapis_ore":34,"minecraft:bell":1,"minecraft:dirt_path":75,"minecraft:deepslate_iron_ore":105,"minecraft:stripped_acacia_log":14,"minecraft:stone":264,"minecraft:deepslate_redstone_ore":42,"minecraft:acacia_leaves":2,"minecraft:glass_pane":4,"minecraft:melon_stem":10,"minecraft:crimson_nylium":2,"minecraft:smoker":2,"minecraft:basalt":4,"minecraft:crafting_table":9,"minecraft:torch":33,"minecraft:short_grass":165,"minecraft:blast_furnace":1,"minecraft:melon":15,"minecraft:chest":7,"minecraft:nether_quartz_ore":145,"minecraft:tall_grass":1,"minecraft:cobblestone":13,"minecraft:sugar_cane":120,"minecraft:deepslate_gold_ore":81,"minecraft:lapis_ore":8,"minecraft:lily_pad":1,"minecraft:grindstone":3,"minecraft:wall_torch":17,"minecraft:diorite":6,"minecraft:red_terracotta":31,"minecraft:wheat":165,"minecraft:white_carpet":2,"minecraft:coal_ore":352,"minecraft:oak_log":5,"minecraft:acacia_fence":31,"minecraft:gravel":8,"minecraft:dirt":107,"minecraft:acacia_door":1,"minecraft:acacia_planks":54,"minecraft:gold_ore":4,"minecraft:netherrack":27,"minecraft:oak_leaves":1,"minecraft:deepslate":99},"minecraft:custom":{"minecraft:interact_with_anvil":4,"minecraft:mob_kills":150,"minecraft:animals_bred":32,"minecraft:interact_with_crafting_table":56,"minecraft:bell_ring":1,"minecraft:leave_game":5,"minecraft:time_since_death":332214,"minecraft:climb_one_cm":24,"minecraft:sprint_one_cm":881248,"minecraft:walk_one_cm":997663,"minecraft:damage_blocked_by_shield":1363,"minecraft:drop":132,"minecraft:talked_to_villager":1,"minecraft:play_time":332214,"minecraft:sneak_time":9020,"minecraft:walk_under_water_one_cm":26858,"minecraft:jump":6004,"minecraft:enchant_item":3,"minecraft:interact_with_blast_furnace":18,"minecraft:walk_on_water_one_cm":46096,"minecraft:total_world_time":332214,"minecraft:interact_with_furnace":48,"minecraft:traded_with_villager":10,"minecraft:sleep_in_bed":5,"minecraft:time_since_rest":55331,"minecraft:damage_taken":4536,"minecraft:damage_dealt":25400,"minecraft:swim_one_cm":47115,"minecraft:fly_one_cm":984547,"minecraft:open_chest":272,"minecraft:crouch_one_cm":21756,"minecraft:fall_one_cm":142580,"minecraft:fish_caught":56,"minecraft:interact_with_smoker":34},"minecraft:crafted":{"minecraft:smooth_stone":6,"minecraft:oak_planks":20,"minecraft:stone_shovel":1,"minecraft:fishing_rod":1,"minecraft:cooked_chicken":21,"minecraft:furnace":3,"minecraft:acacia_fence_gate":4,"minecraft:blast_furnace":2,"minecraft:stone":6,"minecraft:bone_meal":9,"minecraft:bookshelf":10,"minecraft:cooked_mutton":52,"minecraft:iron_boots":1,"minecraft:iron_axe":1,"minecraft:stone_pickaxe":1,"minecraft:chest":14,"minecraft:acacia_fence":141,"minecraft:stone_hoe":3,"minecraft:wheat":261,"minecraft:cooked_beef":49,"minecraft:cooked_cod":132,"minecraft:crimson_planks":24,"minecraft:emerald":10,"minecraft:crafting_table":1,"minecraft:enchanting_table":1,"minecraft:wooden_pickaxe":1,"minecraft:iron_helmet":1,"minecraft:iron_sword":3,"minecraft:cooked_salmon":41,"minecraft:golden_shovel":3,"minecraft:bucket":1,"minecraft:stone_axe":3,"minecraft:bread":87,"minecraft:air":0,"minecraft:book":33,"minecraft:iron_chestplate":1,"minecraft:paper":183,"minecraft:diamond_pickaxe":3,"minecraft:shield":1,"minecraft:stick":612,"minecraft:iron_ingot":264,"minecraft:iron_pickaxe":1,"minecraft:stone_sword":1,"minecraft:iron_shovel":1,"minecraft:gold_ingot":47,"minecraft:iron_leggings":1,"minecraft:white_bed":1,"minecraft:acacia_planks":620,"minecraft:torch":444},"minecraft:broken":{"minecraft:iron_shovel":1,"minecraft:golden_shovel":3,"minecraft:stone_pickaxe":1,"minecraft:stone_axe":2,"minecraft:iron_pickaxe":1,"minecraft:fishing_rod":1,"minecraft:stone_shovel":1},"minecraft:used":{"minecraft:iron_shovel":262,"minecraft:stone_sword":96,"minecraft:enchanting_table":1,"minecraft:acacia_log":4,"minecraft:stone_shovel":126,"minecraft:chest":17,"minecraft:shield":39,"minecraft:iron_sword":338,"minecraft:bell":2,"minecraft:stone_hoe":162,"minecraft:netherrack":9,"minecraft:orange_bed":1,"minecraft:brewing_stand":1,"minecraft:torch":502,"minecraft:dirt":638,"minecraft:white_carpet":2,"minecraft:carrot":117,"minecraft:golden_shovel":96,"minecraft:obsidian":15,"minecraft:tuff":7,"minecraft:granite":4,"minecraft:bookshelf":10,"minecraft:iron_axe":51,"minecraft:iron_boots":1,"minecraft:crimson_planks":24,"minecraft:melon_seeds":9,"minecraft:basalt":4,"minecraft:acacia_fence":145,"minecraft:oak_sapling":1,"minecraft:furnace":7,"minecraft:cooked_cod":66,"minecraft:egg":2,"minecraft:cooked_beef":5,"minecraft:cobbled_deepslate":1,"minecraft:water_bucket":96,"minecraft:diorite":5,"minecraft:wheat_seeds":223,"minecraft:stone_pickaxe":130,"minecraft:wooden_pickaxe":32,"minecraft:sandstone":20,"minecraft:sugar_cane":98,"minecraft:crafting_table":10,"minecraft:blast_furnace":3,"minecraft:white_bed":1,"minecraft:smoker":2,"minecraft:diamond_pickaxe":1139,"minecraft:acacia_stairs":16,"minecraft:bread":47,"minecraft:iron_pickaxe":251,"minecraft:gravel":2,"minecraft:stone_axe":379,"minecraft:acacia_fence_gate":4,"minecraft:potion":1,"minecraft:fishing_rod":89,"minecraft:cobblestone":131,"minecraft:grindstone":4,"minecraft:andesite":6,"minecraft:bucket":97,"minecraft:bone_meal":9},"minecraft:dropped":{"minecraft:stone_hoe":2,"minecraft:bread":44,"minecraft:porkchop":1,"minecraft:wheat_seeds":133,"minecraft:glass_bottle":1,"minecraft:cobblestone":19,"minecraft:granite":1,"minecraft:pufferfish":3,"minecraft:cod":3,"minecraft:stick":10,"minecraft:music_disc_13":1,"minecraft:diamond_horse_armor":1,"minecraft:dirt":170,"minecraft:diorite":2,"minecraft:mutton":7,"minecraft:wooden_axe":1,"minecraft:crimson_roots":1,"minecraft:cooked_cod":16,"minecraft:potion":3,"minecraft:acacia_fence_gate":1,"minecraft:acacia_door":1,"minecraft:string":3,"minecraft:fishing_rod":1,"minecraft:tripwire_hook":3,"minecraft:bucket":1,"minecraft:white_wool":1,"minecraft:music_disc_cat":2,"minecraft:gravel":17,"minecraft:crimson_fungus":1,"minecraft:stone_axe":1,"minecraft:iron_nugget":7,"minecraft:stone_sword":2,"minecraft:cobbled_deepslate":3,"minecraft:bowl":3,"minecraft:tuff":5,"minecraft:wheat":10,"minecraft:stone_shovel":2,"minecraft:rotten_flesh":68,"minecraft:oak_planks":1,"minecraft:name_tag":2,"minecraft:salmon":1,"minecraft:carrot":175,"minecraft:gunpowder":2,"minecraft:diamond_pickaxe":2,"minecraft:andesite":6,"minecraft:leather_boots":3,"minecraft:acacia_sapling":1,"minecraft:chest":4,"minecraft:spider_eye":9,"minecraft:arrow":21,"minecraft:bow":2,"minecraft:stone_pickaxe":1,"minecraft:wooden_pickaxe":2,"minecraft:quartz":145,"minecraft:netherrack":19},"minecraft:picked_up":{"minecraft:fishing_rod":1,"minecraft:crafting_table":10,"minecraft:wheat":132,"minecraft:potion":1,"minecraft:diamond_horse_armor":2,"minecraft:music_disc_cat":2,"minecraft:string":16,"minecraft:acacia_door":2,"minecraft:white_carpet":2,"minecraft:pufferfish":7,"minecraft:cobbled_deepslate":113,"minecraft:bucket":1,"minecraft:beef":62,"minecraft:acacia_fence_gate":1,"minecraft:melon_slice":78,"minecraft:sugar_cane":277,"minecraft:chest":7,"minecraft:furnace":6,"minecraft:egg":2,"minecraft:raw_iron":310,"minecraft:stick":9,"minecraft:sandstone":20,"minecraft:acacia_fence":31,"minecraft:bowl":2,"minecraft:torch":71,"minecraft:acacia_log":95,"minecraft:porkchop":1,"minecraft:diorite":7,"minecraft:carrot":292,"minecraft:redstone":220,"minecraft:orange_bed":1,"minecraft:stone_sword":1,"minecraft:stone_shovel":1,"minecraft:arrow":38,"minecraft:rotten_flesh":86,"minecraft:diamond_chestplate":1,"minecraft:hay_block":29,"minecraft:saddle":5,"minecraft:gold_ingot":5,"minecraft:mutton":7,"minecraft:glow_berries":26,"minecraft:obsidian":19,"minecraft:cod":38,"minecraft:white_wool":3,"minecraft:cobblestone":290,"minecraft:nautilus_shell":1,"minecraft:feather":13,"minecraft:cooked_beef":5,"minecraft:basalt":4,"minecraft:salmon":9,"minecraft:crimson_stem":6,"minecraft:andesite":12,"minecraft:leather":33,"minecraft:smoker":2,"minecraft:acacia_wood":50,"minecraft:tuff":19,"minecraft:oak_log":5,"minecraft:lily_pad":6,"minecraft:gunpowder":4,"minecraft:lapis_lazuli":272,"minecraft:dirt":725,"minecraft:name_tag":2,"minecraft:leather_boots":2,"minecraft:bone":60,"minecraft:acacia_planks":54,"minecraft:bow":4,"minecraft:wheat_seeds":408,"minecraft:raw_gold":109,"minecraft:bell":2,"minecraft:grindstone":4,"minecraft:diamond_helmet":1,"minecraft:stone_hoe":1,"minecraft:oak_planks":1,"minecraft:acacia_sapling":7,"minecraft:music_disc_13":1,"minecraft:quartz":145,"minecraft:gravel":19,"minecraft:blast_furnace":1,"minecraft:acacia_stairs":86,"minecraft:red_terracotta":31,"minecraft:spider_eye":5,"minecraft:stripped_acacia_log":14,"minecraft:diamond":51,"minecraft:granite":5,"minecraft:golden_apple":1,"minecraft:bread":3,"minecraft:acacia_slab":10,"minecraft:netherrack":28,"minecraft:oak_sapling":1,"minecraft:brown_banner":2,"minecraft:melon_seeds":19,"minecraft:coal":447,"minecraft:ender_pearl":1,"minecraft:diamond_pickaxe":2},"minecraft:killed":{"minecraft:spider":12,"minecraft:skeleton":42,"minecraft:piglin":1,"minecraft:husk":2,"minecraft:creeper":3,"minecraft:sheep":3,"minecraft:zombie":54,"minecraft:enderman":1,"minecraft:cow":30}},"DataVersion":3700}