{"stats":{"minecraft:mined":{"minecraft:white_bed":5,"minecraft:deepslate_diamond_ore":6,"minecraft:granite":3,"minecraft:acacia_log":567,"minecraft:grass_block":101,"minecraft:redstone_ore":8,"minecraft:carrots":1,"minecraft:iron_ore":106,"minecraft:cobbled_deepslate":4,"minecraft:andesite":4,"minecraft:deepslate_lapis_ore":25,"minecraft:deepslate_iron_ore":59,"minecraft:rail":1,"minecraft:stone":167,"minecraft:deepslate_redstone_ore":30,"minecraft:acacia_leaves":19,"minecraft:dandelion":1,"minecraft:crafting_table":2,"minecraft:torch":51,"minecraft:short_grass":31,"minecraft:tall_grass":5,"minecraft:cobblestone":15,"minecraft:deepslate_coal_ore":12,"minecraft:lapis_ore":10,"minecraft:deepslate_gold_ore":44,"minecraft:wall_torch":54,"minecraft:acacia_fence_gate":2,"minecraft:wheat":139,"minecraft:coal_ore":218,"minecraft:oak_log":5,"minecraft:acacia_fence":21,"minecraft:gravel":25,"minecraft:dirt":55,"minecraft:cobweb":4,"minecraft:gold_ore":1,"minecraft:deepslate":36},"minecraft:custom":{"minecraft:interact_with_smithing_table":1,"minecraft:mob_kills":55,"minecraft:animals_bred":137,"minecraft:interact_with_crafting_table":33,"minecraft:bell_ring":80,"minecraft:leave_game":6,"minecraft:time_since_death":263543,"minecraft:sprint_one_cm":800174,"minecraft:walk_one_cm":868671,"minecraft:damage_blocked_by_shield":484,"minecraft:drop":57,"minecraft:talked_to_villager":9,"minecraft:play_time":263543,"minecraft:sneak_time":11375,"minecraft:walk_under_water_one_cm":6816,"minecraft:jump":4449,"minecraft:interact_with_brewingstand":1,"minecraft:interact_with_blast_furnace":5,"minecraft:walk_on_water_one_cm":35662,"minecraft:enchant_item":1,"minecraft:total_world_time":263543,"minecraft:interact_with_furnace":79,"minecraft:sleep_in_bed":15,"minecraft:time_since_rest":14563,"minecraft:damage_taken":2389,"minecraft:damage_dealt":9782,"minecraft:swim_one_cm":21540,"minecraft:fly_one_cm":807926,"minecraft:open_chest":442,"minecraft:crouch_one_cm":28658,"minecraft:interact_with_smoker":17,"minecraft:fall_one_cm":109816},"minecraft:crafted":{"minecraft:oak_planks":276,"minecraft:stone_shovel":1,"minecraft:leather_boots":1,"minecraft:furnace":3,"minecraft:acacia_fence_gate":2,"minecraft:bow":1,"minecraft:iron_boots":1,"minecraft:iron_axe":1,"minecraft:stone_pickaxe":1,"minecraft:acacia_fence":36,"minecraft:cooked_beef":187,"minecraft:diamond_sword":1,"minecraft:cooked_porkchop":6,"minecraft:diamond_axe":1,"minecraft:crafting_table":1,"minecraft:wooden_pickaxe":1,"minecraft:iron_helmet":1,"minecraft:iron_sword":1,"minecraft:bucket":1,"minecraft:stone_axe":1,"minecraft:air":0,"minecraft:iron_chestplate":1,"minecraft:stick":336,"minecraft:iron_ingot":410,"minecraft:iron_pickaxe":4,"minecraft:wooden_axe":1,"minecraft:iron_leggings":1,"minecraft:iron_shovel":1,"minecraft:gold_ingot":45,"minecraft:acacia_planks":172,"minecraft:torch":216},"minecraft:broken":{"minecraft:iron_shovel":1,"minecraft:iron_pickaxe":2},"minecraft:used":{"minecraft:iron_shovel":262,"minecraft:stone_shovel":21,"minecraft:shield":6,"minecraft:iron_sword":109,"minecraft:rotten_flesh":1,"minecraft:torch":227,"minecraft:dirt":154,"minecraft:granite":2,"minecraft:iron_axe":42,"minecraft:bow":10,"minecraft:furnace":3,"minecraft:acacia_fence":42,"minecraft:egg":29,"minecraft:cooked_beef":47,"minecraft:cobbled_deepslate":73,"minecraft:wheat_seeds":144,"minecraft:cooked_mutton":1,"minecraft:water_bucket":29,"minecraft:stone_pickaxe":74,"minecraft:wooden_pickaxe":29,"minecraft:diamond_axe":575,"minecraft:crafting_table":2,"minecraft:white_bed":7,"minecraft:string":5,"minecraft:iron_pickaxe":714,"minecraft:acacia_fence_gate":4,"minecraft:stone_axe":41,"minecraft:diamond_sword":97,"minecraft:cobblestone":117,"minecraft:bucket":30,"minecraft:andesite":2},"minecraft:dropped":{"minecraft:iron_ingot":53,"minecraft:iron_sword":1,"minecraft:wheat_seeds":2,"minecraft:cooked_beef":64,"minecraft:glow_ink_sac":3,"minecraft:cooked_porkchop":6,"minecraft:weeping_vines":1,"minecraft:cobblestone":4,"minecraft:granite":14,"minecraft:acacia_log":504,"minecraft:stick":3,"minecraft:dirt":9,"minecraft:iron_pickaxe":1,"minecraft:dandelion":1,"minecraft:bone":3,"minecraft:gravel":5,"minecraft:cobbled_deepslate":10,"minecraft:rotten_flesh":3,"minecraft:carrot":1,"minecraft:diamond_sword":1,"minecraft:andesite":21,"minecraft:acacia_sapling":2,"minecraft:egg":1},"minecraft:picked_up":{"minecraft:crafting_table":2,"minecraft:wheat":141,"minecraft:diamond_sword":1,"minecraft:shield":1,"minecraft:string":7,"minecraft:iron_axe":2,"minecraft:raw_copper":34,"minecraft:cobbled_deepslate":44,"minecraft:beef":70,"minecraft:acacia_fence_gate":2,"minecraft:egg":30,"minecraft:raw_iron":165,"minecraft:stick":11,"minecraft:acacia_fence":21,"minecraft:bowl":1,"minecraft:torch":102,"minecraft:acacia_log":547,"minecraft:carrot":2,"minecraft:redstone":167,"minecraft:diamond_chestplate":1,"minecraft:arrow":7,"minecraft:weeping_vines":1,"minecraft:rotten_flesh":6,"minecraft:cobblestone":242,"minecraft:glow_ink_sac":3,"minecraft:andesite":24,"minecraft:leather":34,"minecraft:flint":4,"minecraft:oak_log":69,"minecraft:lapis_lazuli":222,"minecraft:dirt":160,"minecraft:cooked_mutton":1,"minecraft:bone":5,"minecraft:wheat_seeds":388,"minecraft:raw_gold":45,"minecraft:diamond_helmet":1,"minecraft:acacia_sapling":2,"minecraft:oak_planks":64,"minecraft:iron_sword":1,"minecraft:dandelion":1,"minecraft:gravel":29,"minecraft:white_bed":7,"minecraft:diamond":80,"minecraft:granite":16,"minecraft:coal":233},"minecraft:killed":{"minecraft:spider":2,"minecraft:skeleton":11,"minecraft:bat":1,"minecraft:creeper":2,"minecraft:zombie":26,"minecraft:cow":10}},"DataVersion":3700}